basis_set,G,E
0,0.22608476868981975,0.27985127442066443
1,0.21070213938704138,0.27416108512567455
2,0.26298702291410986,0.3301320647515227
3,0.3191338050418175,0.47513251578296645
4,0.2493846528510776,0.32140439527222603
5,0.2724563029138524,0.3505941069761212
6,0.14370251967420222,0.15812845966080682
