basis_set,G,E
0,1.6215272171897292e-06,2.2532371758326302e-08
1,1.2878332306393858e-06,2.3497751725710952e-08
2,1.8905134160104673e-05,2.9126821354308313e-07
3,3.753640917669938e-06,6.705887875592643e-08
4,3.7549624273214864e-05,5.98240381213949e-07
5,2.2146445757662327e-05,2.086740497814641e-07
6,7.048827982200506e-05,9.274833912512478e-07