basis_set,G,E
0,0.36530706563723553,0.23296930444651565
1,0.3422597173089872,0.22262138143369492
2,0.42403436667669653,0.3885008776118574
3,0.4953121827426368,0.3527431197727317
4,0.4107114019963037,0.4105889577936408
5,0.39851275139600545,0.2435339275870729
6,0.24378772668936755,0.18657969290396723
