basis_set,G,E
0,4.144050139192723e-07,1.3006221852316262e-08
1,4.436950654011154e-07,1.4090652294483419e-08
2,2.9089306427066933e-06,1.1049265811301599e-07
3,5.930710171690007e-07,1.7766323026780716e-08
4,5.716879643605484e-06,2.1213537805509963e-07
5,3.117571230435584e-06,9.177552117082961e-08
6,1.4074539367119408e-05,5.354789386449383e-07
