basis_set,G,E
0,1.3080179001002609e-05,2.7285917239602124e-06
1,1.1023256382289782e-05,2.3359157621731155e-06
2,4.1006309386778736e-05,7.502481122492597e-06
3,2.171188242250268e-05,5.007155945482799e-06
4,5.5920521485736226e-05,1.0171141231497268e-05
5,3.39382978981916e-05,8.254415273501898e-06
6,4.7937068772865236e-05,8.747698193700816e-06