basis_set,G,E
0,2.81778002560642e-08,1.0104843639545224e-08
1,2.4409770479452724e-08,8.647891117563988e-09
2,4.7840469521075436e-08,1.8286729979670872e-08
3,2.5817994066869696e-08,9.96495631105826e-09
4,6.586521238015928e-08,2.322543759061711e-08
5,3.9260397028996386e-08,1.3230904769444119e-08
6,7.966383573169243e-08,2.2272940004634304e-08