basis_set,G,E
0,0.3565149356212613,0.48083372708065514
1,0.3982336218252055,0.49736155310835467
2,0.1877801009537251,0.25327479376567336
3,0.1295686987970374,0.16336751217108877
4,0.16941984136441038,0.22546794756664665
5,0.2432625532459238,0.39026366941225743
6,0.392661715945758,0.6053227167707211
