basis_set,CCS
0,1.717421e+02
1,1.724610e+02
2,1.723275e+02
3,1.704405e+02
4,1.715189e+02
5,1.676298e+02
6,1.685743e+02
