basis_set,CCS
0,1.514797e+02
1,1.510200e+02
2,1.532678e+02
3,1.508214e+02
4,1.529324e+02
5,1.486232e+02
6,1.503550e+02
