basis_set,CCS
0,1.628514e+02
1,1.621902e+02
2,1.582232e+02
3,1.618965e+02
4,1.636087e+02
5,1.585727e+02
6,1.609343e+02
