basis_set,CCS
0,1.727400e+02
1,1.715033e+02
2,1.708943e+02
3,1.697614e+02
4,1.692336e+02
5,1.664177e+02
6,1.689173e+02
