basis_set,CCS
0,1.502990e+02
1,1.501198e+02
2,1.515290e+02
3,1.498968e+02
4,1.506806e+02
5,1.477101e+02
6,1.492130e+02
