basis_set,CCS
0,1.717527e+02
1,1.706454e+02
2,1.697029e+02
3,1.705215e+02
4,1.699087e+02
5,1.674040e+02
6,1.725215e+02
