basis_set,CCS
0,1.726892e+02
1,1.714368e+02
2,1.704112e+02
3,1.699213e+02
4,1.711443e+02
5,1.648864e+02
6,1.696673e+02
