basis_set,CCS
0,1.656394e+02
1,1.645073e+02
2,1.617724e+02
3,1.637780e+02
4,1.606996e+02
5,1.602088e+02
6,1.610102e+02
