basis_set,CCS
0,1.716260e+02
1,1.700826e+02
2,1.722432e+02
3,1.688163e+02
4,1.699578e+02
5,1.648499e+02
6,1.686290e+02
