basis_set,CCS
0,1.638532e+02
1,1.632425e+02
2,1.625763e+02
3,1.626329e+02
4,1.619244e+02
5,1.596049e+02
6,1.609225e+02
