basis_set,CCS
0,1.717466e+02
1,1.706999e+02
2,1.695665e+02
3,1.697701e+02
4,1.696658e+02
5,1.658222e+02
6,1.694224e+02
