basis_set,CCS
0,1.614349e+02
1,1.604088e+02
2,1.620013e+02
3,1.593931e+02
4,1.667878e+02
5,1.577671e+02
6,1.598169e+02
