basis_set,G,E
0,2.78265512419285e-07,9.630413160226175e-09
1,2.4936555956150756e-07,9.331238407799985e-09
2,1.2308389643341929e-06,7.644344059940279e-08
3,5.006155215290784e-07,2.032663332415038e-08
4,2.222417886550421e-06,1.3045665698488585e-07
5,5.941457646014805e-07,3.459450327309224e-08
6,1.9397521387986643e-06,1.0865554609286091e-07