basis_set,G,E
0,0.0012932976174561813,0.0002336680425831095
1,0.001244218246823082,0.00023204169708709353
2,0.0036009227210944115,0.0005794476659405541
3,0.0017314072674404265,0.0002851373611354673
4,0.005139430200426862,0.000797802162796528
5,0.0033273212073953395,0.0005212508553751053
6,0.007497953337061534,0.001145809839703615