basis_set,G,E
0,0.00015125446759398488,5.082827034482272e-06
1,0.0001261259013903226,4.5276673453873874e-06
2,0.0005817388809184719,2.9167423103900918e-05
3,0.0002311590160377158,8.458600472429329e-06
4,0.0008570964778504081,4.642042333476531e-05
5,0.00038259934553836427,1.5457994999211822e-05
6,0.0008909486847809375,4.502408529665098e-05