basis_set,G,E
0,1.8435653101188394e-05,1.1757600079118478e-06
1,1.9489376506618393e-05,1.2243175245074404e-06
2,6.224386756932235e-05,5.471097546691225e-06
3,1.928305346249005e-05,1.459418106497544e-06
4,7.506808996234467e-05,6.689409380588188e-06
5,7.063507248539807e-05,6.2986068361021504e-06
6,0.00023604453918348072,2.3020642348173404e-05