Basis,EZPE,U,H,G,E,boltz_G,boltz_E,CCS
6-31G(d), -796.237220, -796.220961, -796.220017, -796.284499, -796.4978032,2.7233868937668213e-21,2.070536642618063e-24,1.720162e+02
6-31G(dp), -796.271824, -796.255565, -796.254621, -796.318992, -796.531854,1.0870874253650502e-21,1.0305452565974492e-24,1.701793e+02
6-31+G(dp), -796.301023, -796.284694, -796.283750, -796.348430, -796.5605563,6.339560440157945e-20,6.901295574152958e-23,1.703186e+02
6-311G(dp), -796.467214, -796.450929, -796.449985, -796.514432, -796.7262652,5.866170752777361e-21,5.3858235475030395e-24,1.692491e+02
6-311++G(dp), -796.483248, -796.466912, -796.465968, -796.530632, -796.7420215,1.0464518375503011e-19,1.012252079543063e-22,1.686531e+02
6-311G(2df2pd), -796.519868, -796.504433, -796.503489, -796.565398, -796.7789817,4.58660012239344e-21,2.763789510925198e-23,1.665445e+02
6-311++G(2df2pd), -796.528437, -796.512135, -796.511191, -796.575423, -796.78778,1.3047162547437018e-21,3.0225079223257335e-24,1.653762e+02
