Basis,EZPE,U,H,G,E,boltz_G,boltz_E,CCS,CCS_G,CCS_E
6-31G(d),-796.264269,-796.248847,-796.247903,-796.30887,-796.5259583,4.427243614286394e-10,1.8528895341122304e-11,155.4879,6.883828123738013e-08,2.8810190259108906e-09
6-31G(dp),-796.297707,-796.282297,-796.281353,-796.343358,-796.5578219,1.7578769622617244e-10,9.0926191712787e-13,157.9134,2.7759232789242058e-08,1.435846408241802e-10
6-31+G(dp),-796.324905,-796.309313,-796.308368,-796.371085,-796.5843731,1.673776972184933e-09,6.237555545059147e-12,158.3672,2.650713725094057e-07,9.878242065154909e-10
6-311G(dp),-796.493917,-796.478478,-796.477534,-796.538297,-796.7541039,5.579704742160301e-10,3.447227944573261e-11,154.1397,8.600540150451661e-08,5.3135468120813905e-09
6-311++G(dp),-796.506629,-796.491043,-796.490099,-796.552697,-796.7656683,1.4789342708285541e-09,7.64134724926745e-12,156.9576,2.3212997370699988e-07,1.1993675250116209e-09
6-311G(2df2pd),-796.546064,-796.530604,-796.52966,-796.591018,-796.8063074,2.799455795084962e-09,1.0273896386741136e-10,153.0427,4.284362734104493e-07,1.5723448425471077e-08
6-311++G(2df2pd),-796.557033,-796.541512,-796.540568,-796.602972,-796.8164221,6.1442322866377805e-09,4.530658524636839e-11,156.1264,9.592768676765247e-07,7.073554050808609e-09
