Basis,EZPE,U,H,G,E,boltz_G,boltz_E,CCS
6-31G(d), -796.239235, -796.223386, -796.222442, -796.283510, -796.5008166,9.553325351348728e-22,5.0383918140745007e-23,1.598501e+02
6-31G(dp), -796.298759, -796.283808, -796.282864, -796.340983, -796.5591452,1.4205384541570198e-11,3.693403619578109e-12,1.541310e+02
6-31+G(dp), -796.333249, -796.318088, -796.317144, -796.375688, -796.5926477,2.193544011264518e-07,3.994422872541044e-08,1.572223e+02
6-311G(dp), -796.493053, -796.478019, -796.477074, -796.535515, -796.752547,2.9298788191288305e-11,6.6263251593628886e-12,1.533029e+02
6-311++G(dp), -796.515512, -796.500343, -796.499399, -796.557925, -796.7742787,3.7575690812774583e-07,6.983651617711171e-08,1.546475e+02
6-311G(2df2pd), -796.522189, -796.506278, -796.505334, -796.566743, -796.7824141,1.906386575851447e-20,1.0482388237975062e-21,1.556316e+02
6-311++G(2df2pd), -796.565143, -796.550006, -796.549062, -796.607554, -796.8242833,7.875099984083797e-07,1.8725385562944823e-07,1.512371e+02
