Basis,EZPE,U,H,G,E,boltz_G,boltz_E,CCS,CCS_G,CCS_E
6-31G(d),-796.283733,-796.268763,-796.267819,-796.326123,-796.5456851,0.0382623078737395,0.0220025099403245,149.7644,5.7303315813258715,3.2951926997067345
6-31G(dp),-796.319065,-796.304078,-796.303133,-796.361432,-796.5803306,0.0362492045707456,0.0205601963604327,149.6839,5.425922312047026,3.077530375995372
6-31+G(dp),-796.344235,-796.329097,-796.328153,-796.386989,-796.6049341,0.0346557400682266,0.0179217983197419,151.201,5.23998255405593,2.7097938277432947
6-311G(dp),-796.512693,-796.497632,-796.496688,-796.555213,-796.7729779,0.0337461261351556,0.016587921038401,149.3021,5.038367498843615,2.4766114456674497
6-311++G(dp),-796.526067,-796.510926,-796.509982,-796.568819,-796.7860786,0.0385753360877322,0.0187159917208414,150.1991,5.793980762574897,2.8111251120778293
6-311G(2df2pd),-796.563733,-796.54866,-796.547716,-796.60642,-796.8241458,0.0340583578117001,0.0165069056280899,148.2252,5.04830689831081,2.446739388104751
6-311++G(2df2pd),-796.574821,-796.559694,-796.55875,-796.617656,-796.83,0.0349403289701991,7.983588984161384e-05,148.6075,5.192394937438863,0.011864211999637627
