Basis,EZPE,U,H,G,E,boltz_G,boltz_E,CCS,CCS_G,CCS_E
6-31G(d),-796.261506,-796.245969,-796.245025,-796.306967,-796.5231065,0.04499959,0.00554623,159.1521,7.161779247638999,0.8826941515829999
6-31G(dp),-796.29658,-796.281049,-796.280105,-796.341735,-796.5575637,0.04216055,0.00511024,158.4391,6.679879597505,0.809661826384
6-31+G(dp),-796.321703,-796.305991,-796.305047,-796.368873,-796.5812036,0.09412822,0.02352851,156.5407,14.734897448554,3.6831694253569993
6-311G(dp),-796.491617,-796.476117,-796.475173,-796.536414,-796.7517933,0.04549937,0.00757126,157.7707,7.178467454459,1.194522990082
6-311++G(dp),-796.505663,-796.490099,-796.489154,-796.550479,-796.765504,0.12395381,0.03541675,159.3248,19.748915987488,5.6427666104
6-311G(2df2pd),-796.542947,-796.527449,-796.526505,-796.587625,-796.8031865,0.06582893,0.01348909,157.2478,10.351454418853999,2.121129726502
6-311++G(2df2pd),-796.554754,-796.539226,-796.538282,-796.599553,-796.8148664,0.15427139,0.0410549,155.5181,23.991993457159,6.38478004369
