Basis,EZPE,U,H,G,E,boltz_G,boltz_E,CCS,CCS_G,CCS_E
6-31G(d),-796.245189,-796.229378,-796.228434,-796.289036,-796.5067157,3.3281057780797203e-19,2.6059499118567398e-20,160.6712,5.3473074909100234e-17,4.187010994779166e-18
6-31G(dp),-796.279909,-796.264091,-796.263147,-796.323717,-796.5408982,1.6211942649547113e-19,1.4911941095990914e-20,159.874,2.591868119153695e-17,2.3840316707804514e-18
6-31+G(dp),-796.330577,-796.315507,-796.314563,-796.372831,-796.5904838,1.0638580201047661e-08,4.0367115147038284e-09,162.947,1.7335247280201131e-06,6.577700311864448e-07
6-311G(dp),-796.499511,-796.484496,-796.483552,-796.541593,-796.758986,1.831557076412619e-08,6.071680846792281e-09,153.5633,2.8125994879227394e-06,9.323873473802171e-07
6-311++G(dp),-796.512749,-796.497646,-796.496702,-796.555089,-796.7719734,1.8633936310438468e-08,6.07589314621453e-09,155.4788,2.8971820568234004e-06,9.446725753016597e-07
6-311G(2df2pd),-796.527713,-796.511826,-796.510882,-796.571832,-796.7878754,4.1804881383577625e-18,3.4098857406574333e-19,156.8499,6.557091464526012e-16,5.348402374335443e-17
6-311++G(2df2pd),-796.540088,-796.524099,-796.523155,-796.584622,-796.80001,2.224300689126049e-17,1.2774683563886013e-18,160.731,3.57514074063919e-15,2.0532876639069628e-16
