basis_set,G,E
0,1.5063891071884266e-07,4.1929508852909486e-09
1,1.241009520621908e-07,1.1337070487245592e-23
2,1.361249840072845e-06,2.948692893987137e-08
3,1.9583746998909182e-07,5.934681100172391e-09
4,2.300939732252732e-06,6.269621496784523e-08
5,5.732160037675787e-08,2.3345967436352535e-08
6,8.60682349627664e-06,1.370121203097166e-07