basis_set,G,E
0,1.2091958345676092e-10,2.0041416529294856e-11
1,1.1590888428173255e-10,5.993174271950008e-26
2,3.7846207287499554e-10,4.8404206915402223e-11
3,2.7617426907263007e-10,3.2744476408582646e-11
4,1.11321122924176e-09,1.1778793055676327e-10
5,8.679589956357205e-10,1.1745871286315592e-10
6,2.4571280639737995e-09,3.152574187528038e-10