basis_set,G,E
0,1.4644067356294352e-05,4.192829473593981e-06
1,1.1686896994408046e-05,1.1324740422478383e-20
2,4.458892998734386e-05,9.053954655248302e-06
3,1.4196987600328817e-05,3.781363736471622e-06
4,8.495249542345768e-05,1.9066191854843115e-05
5,8.212602505565677e-05,9.95147081989004e-06
6,0.0002928819743559382,3.864742495334976e-05