basis_set,G,E
0,0.22527743471533507,0.12964596961419556
1,0.21502933670710522,3.7382040050964877e-16
2,0.2697800704421683,0.23113910813472965
3,0.3094547064885307,0.19321434169199114
4,0.2716626672283678,0.2551960630350844
5,0.23597886844061436,0.12631372328656135
6,0.1558623326879019,0.1072907763954931