basis_set,CCS
0,1.378910e+02
1,1.370767e+02
2,1.442556e+02
3,1.361510e+02
4,1.421880e+02
5,1.349084e+02
6,1.396619e+02
