basis_set,CCS
0,1.410446e+02
1,1.402849e+02
2,1.469140e+02
3,1.390379e+02
4,1.435557e+02
5,1.382147e+02
6,1.415345e+02
