basis_set,CCS
0,1.411438e+02
1,1.405302e+02
2,1.413659e+02
3,1.389723e+02
4,1.407189e+02
5,1.383611e+02
6,1.412171e+02
