basis_set,CCS
0,1.335787e+02
1,1.324714e+02
2,1.349240e+02
3,1.317721e+02
4,1.345097e+02
5,1.309064e+02
6,1.317701e+02
