basis_set,CCS
0,1.382898e+02
1,1.373131e+02
2,1.411851e+02
3,1.366943e+02
4,1.417656e+02
5,1.355781e+02
6,1.402116e+02
