basis_set,CCS
0,1.382474e+02
1,1.375572e+02
2,1.383142e+02
3,1.365786e+02
4,1.382012e+02
5,1.354260e+02
6,1.386458e+02
