basis_set,CCS
0,1.370224e+02
1,1.363680e+02
2,1.381204e+02
3,1.354174e+02
4,1.383899e+02
5,1.346510e+02
6,1.376009e+02
