basis_set,CCS
0,1.364097e+02
1,1.352251e+02
2,1.368151e+02
3,1.345752e+02
4,1.412579e+02
5,1.332626e+02
6,1.347801e+02
