basis_set,CCS
0,1.377018e+02
1,1.366596e+02
2,1.382188e+02
3,1.359518e+02
4,1.392491e+02
5,1.354917e+02
6,1.374049e+02
