basis_set,CCS
0,1.376916e+02
1,1.366255e+02
2,1.405539e+02
3,1.360266e+02
4,1.407395e+02
5,1.349841e+02
6,1.383689e+02
