basis_set,CCS
0,1.397410e+02
1,1.390320e+02
2,1.403259e+02
3,1.381568e+02
4,1.447638e+02
5,1.372394e+02
6,1.393089e+02
