basis_set,CCS
0,1.405746e+02
1,1.391222e+02
2,1.397604e+02
3,1.379110e+02
4,1.404747e+02
5,1.360227e+02
6,1.402016e+02
