basis_set,CCS
0,1.388085e+02
1,1.378925e+02
2,1.433259e+02
3,1.370791e+02
4,1.434106e+02
5,1.359803e+02
6,1.388709e+02
