basis_set,CCS
0,1.422194e+02
1,1.411958e+02
2,1.479718e+02
3,1.407299e+02
4,1.507453e+02
5,1.388178e+02
6,1.445397e+02
