basis_set,CCS
0,1.367621e+02
1,1.357248e+02
2,1.366175e+02
3,1.350018e+02
4,1.372218e+02
5,1.340257e+02
6,1.358219e+02
