basis_set,CCS
0,1.347743e+02
1,1.338145e+02
2,1.389099e+02
3,1.328801e+02
4,1.383157e+02
5,1.318067e+02
6,1.348473e+02
