basis_set,G,E
0,0.038262307873739514,0.022002509940324544
1,0.03624920457074561,0.020560196360432773
2,0.03465574006822665,0.017921798319741916
3,0.033746126135155693,0.016587921038401038
4,0.03857533608773225,0.01871599172084149
5,0.03405835781170011,0.016506905628089943
6,0.03494032897019917,7.983588984161384e-05