basis_set,CCS
0,1.373636e+02
1,1.364162e+02
2,1.378099e+02
3,1.356714e+02
4,1.389292e+02
5,1.353151e+02
6,1.365691e+02
