basis_set,CCS
0,1.372255e+02
1,1.362798e+02
2,1.401972e+02
3,1.356839e+02
4,1.403616e+02
5,1.347972e+02
6,1.389762e+02
