basis_set,CCS
0,1.370745e+02
1,1.360585e+02
2,1.399935e+02
3,1.353354e+02
4,1.401530e+02
5,1.343572e+02
6,1.387378e+02
