basis_set,CCS
0,1.401159e+02
1,1.395770e+02
2,1.407119e+02
3,1.381600e+02
4,1.400147e+02
5,1.375506e+02
6,1.404889e+02
