basis_set,CCS
0,1.354402e+02
1,1.343577e+02
2,1.357013e+02
3,1.336940e+02
4,1.400261e+02
5,1.324584e+02
6,1.343665e+02
