basis_set,CCS
0,1.415107e+02
1,1.404282e+02
2,1.469841e+02
3,1.400180e+02
4,1.499404e+02
5,1.380608e+02
6,1.437551e+02
