basis_set,CCS
0,1.341623e+02
1,1.332381e+02
2,1.381061e+02
3,1.320875e+02
4,1.375670e+02
5,1.311067e+02
6,1.349826e+02
