basis_set,CCS
0,1.382509e+02
1,1.374344e+02
2,1.425934e+02
3,1.363124e+02
4,1.423625e+02
5,1.355284e+02
6,1.398512e+02
