basis_set,CCS
0,1.371568e+02
1,1.357592e+02
2,1.370178e+02
3,1.351026e+02
4,1.372086e+02
5,1.329964e+02
6,1.377073e+02
