basis_set,CCS
0,1.361974e+02
1,1.352176e+02
2,1.358834e+02
3,1.343077e+02
4,1.365152e+02
5,1.333400e+02
6,1.363842e+02
