basis_set,CCS
0,1.329522e+02
1,1.319563e+02
2,1.343200e+02
3,1.311606e+02
4,1.340263e+02
5,1.300861e+02
6,1.318350e+02
