basis_set,CCS
0,1.367813e+02
1,1.357660e+02
2,1.430780e+02
3,1.351669e+02
4,1.411571e+02
5,1.339875e+02
6,1.383326e+02
