basis_set,CCS
0,1.363907e+02
1,1.359084e+02
2,1.374633e+02
3,1.350105e+02
4,1.379508e+02
5,1.341227e+02
6,1.368977e+02
