basis_set,CCS
0,1.404027e+02
1,1.396161e+02
2,1.462573e+02
3,1.384245e+02
4,1.428237e+02
5,1.374082e+02
6,1.402793e+02
