basis_set,CCS
0,1.367972e+02
1,1.362398e+02
2,1.365701e+02
3,1.351924e+02
4,1.365228e+02
5,1.334540e+02
6,1.360617e+02
