basis_set,CCS
0,1.362021e+02
1,1.356243e+02
2,1.371884e+02
3,1.349135e+02
4,1.409274e+02
5,1.335977e+02
6,1.358656e+02
