Basis,EZPE,U,H,G,E,boltz_G,boltz_E,CCS
6-31G(d), -796.220964, -796.205870, -796.204926, -796.263481, -796.4824638,0.028197230131649046,0.016667590803595367,1.502990e+02
6-31G(dp), -796.256111, -796.240998, -796.240054, -796.298621, -796.5169524,0.025461406374726058,0.014998772598803178,1.501198e+02
6-31+G(dp), -796.281659, -796.266380, -796.265436, -796.324545, -796.5419163,0.021332356795642115,0.012293059922207866,1.515290e+02
6-311G(dp), -796.449864, -796.434675, -796.433731, -796.492518, -796.7097277,0.022842666623999777,0.012120647119992322,1.498968e+02
6-311++G(dp), -796.463436, -796.448155, -796.447211, -796.506313, -796.7230099,0.02473534448803936,0.013354460108641534,1.506806e+02
6-311G(2df2pd), -796.500845, -796.485630, -796.484686, -796.543654, -796.7607974,0.021892821257322746,0.01158722848038283,1.477101e+02
6-311++G(2df2pd), -796.512142, -796.496860, -796.495916, -796.555112, -796.77198,0.02193742996728623,0.01275009549540684,1.492130e+02
