Basis,EZPE,U,H,G,E,boltz_G,boltz_E,CCS,CCS_G,CCS_E
6-31G(d),-796.199828,-796.184265,-796.183321,-796.244053,-796.460418,3.2586387303783317e-11,1.2035814586714669e-12,161.4349,5.2605801757475294e-09,1.943000524224824e-10
6-31G(dp),-796.23488,-796.219321,-796.218377,-796.27906,-796.4947879,2.555819431411548e-11,9.55112670404031e-13,160.4088,4.099759280094088e-09,1.5320847732430614e-10
6-31+G(dp),-796.263133,-796.247486,-796.246542,-796.307466,-796.5226657,2.9678619548328066e-10,1.7143378539660396e-11,162.0013,4.8079749490345594e-08,2.7772496098170854e-09
6-311G(dp),-796.429792,-796.414166,-796.413222,-796.474144,-796.6887713,8.061805447781764e-11,2.775036762417956e-12,159.3931,1.2849961619188235e-08,4.4232171217576154e-10
6-311++G(dp),-796.445221,-796.429547,-796.428603,-796.489588,-796.7039879,5.006890681381174e-10,2.3725871096397418e-11,166.7878,8.35088281588067e-08,3.957185843251713e-09
6-311G(2df2pd),-796.4817,-796.466118,-796.465174,-796.525967,-796.7408612,1.5996225071663886e-10,7.816813399667783e-12,157.7671,2.5236780405037036e-08,1.233235981306727e-09
6-311++G(2df2pd),-796.495149,-796.479543,-796.478599,-796.53943,-796.7543,1.3403909126153024e-09,9.385325016276328e-11,159.8169,2.1421712044234853e-07,1.4999335495937323e-08
