Basis,CCS_G,CCS_E
6-31G(d),151.4464632073431,151.4600210818379
6-31G(dp),150.99723847959498,151.0064990736416
6-311G(dp),150.80041724854323,150.81019430543492
6-311G(2df2pd),148.60349997017224,148.61262154870707
6-31+G(dp),153.23113718452646,153.24642953013586
6-311++G(dp),152.87692266086603,152.9023309226908
6-311++G(2df2pd),150.33060333326733,150.34044715371624
