basis_set,CCS
0,1.718911e+02
1,1.709042e+02
2,1.700753e+02
3,1.694792e+02
4,1.705903e+02
5,1.661676e+02
6,1.693025e+02
