basis_set,CCS
0,1.606712e+02
1,1.598740e+02
2,1.629470e+02
3,1.535633e+02
4,1.554788e+02
5,1.568499e+02
6,1.607310e+02
