basis_set,CCS
0,1.608595e+02
1,1.595639e+02
2,1.619521e+02
3,1.586630e+02
4,1.665119e+02
5,1.578238e+02
6,1.592246e+02
