basis_set,CCS
0,1.554879e+02
1,1.579134e+02
2,1.583672e+02
3,1.541397e+02
4,1.569576e+02
5,1.530427e+02
6,1.561264e+02
