basis_set,CCS
0,1.711433e+02
1,1.700126e+02
2,1.689740e+02
3,1.689176e+02
4,1.690943e+02
5,1.660141e+02
6,1.682867e+02
