basis_set,CCS
0,1.510341e+02
1,1.506700e+02
2,1.529234e+02
3,1.503738e+02
4,1.524342e+02
5,1.495211e+02
6,1.497027e+02
