basis_set,CCS
0,1.591521e+02
1,1.584391e+02
2,1.565407e+02
3,1.577707e+02
4,1.593248e+02
5,1.572478e+02
6,1.555181e+02
