basis_set,CCS
0,1.650142e+02
1,1.640833e+02
2,1.611823e+02
3,1.635139e+02
4,1.601958e+02
5,1.616792e+02
6,1.617999e+02
