basis_set,CCS
0,1.720162e+02
1,1.701793e+02
2,1.703186e+02
3,1.692491e+02
4,1.686531e+02
5,1.665445e+02
6,1.653762e+02
