basis_set,CCS
0,1.711523e+02
1,1.696149e+02
2,1.714786e+02
3,1.683404e+02
4,1.691686e+02
5,1.645342e+02
6,1.718170e+02
