basis_set,CCS
0,1.497644e+02
1,1.496839e+02
2,1.512010e+02
3,1.493021e+02
4,1.501991e+02
5,1.482252e+02
6,1.486075e+02
