basis_set,CCS
0,1.598501e+02
1,1.541310e+02
2,1.572223e+02
3,1.533029e+02
4,1.546475e+02
5,1.556316e+02
6,1.512371e+02
