Basis,EZPE,U,H,G,E,boltz_G,boltz_E,CCS,CCS_G,CCS_E
6-31G(d),-795.900066,-795.884626,-795.883681,-795.944952,-796.1472078,0.3305545199429958,0.396766316623012,135.4402,44.77037029198334,53.73810927668407
6-31G(dp),-795.932501,-795.917042,-795.916098,-795.977393,-796.1792184,0.2964027589586325,0.3833731973755346,134.3577,39.82399296733625,51.509141041022865
6-31+G(dp),-795.969921,-795.954341,-795.953397,-796.015039,-796.2158428,0.4345268189926862,0.5010883965608801,135.7013,58.96585422217221,67.99834682822696
6-311G(dp),-796.132907,-796.117424,-796.11648,-796.177798,-796.3786186,0.4732199908016825,0.6538385951840109,133.694,63.266673450240134,87.41429714453115
6-311++G(dp),-796.152329,-796.136724,-796.13578,-796.197454,-796.3975554,0.4180767732918122,0.4941710397263903,140.0261,58.54166006463663,69.1968434258315
6-311G(2df2pd),-796.183387,-796.167843,-796.166899,-796.228479,-796.4291052,0.3878109975217876,0.4703499249209596,132.4584,51.36882423413996,62.30179849515044
6-311++G(2df2pd),-796.200464,-796.184856,-796.183912,-796.245611,-796.4459138,0.2248569630082703,0.2271668561804753,134.3665,30.213243120050752,30.523615380973837
