Basis,EZPE,U,H,G,E,boltz_G,boltz_E,CCS,CCS_G,CCS_E
6-31G(d),-795.890273,-795.874025,-795.87308,-795.937842,-796.135949,0.0001772298558013,2.626144392316509e-06,137.2255,0.024320455577261292,0.0003603739773078291
6-31G(dp),-795.922608,-795.906342,-795.905398,-795.97009,-796.1678943,0.0001295367935536,2.367917552295464e-06,136.2798,0.017653248318125897,0.00032269933044331536
6-31+G(dp),-795.961792,-795.945447,-795.944503,-796.009562,-796.2064623,0.0013137561607419,2.425181302630281e-05,140.1972,0.1841849352187643,0.00340003628121118
6-311G(dp),-796.123451,-796.107176,-796.106232,-796.170875,-796.3677506,0.0003092998151365,6.546786773738536e-06,135.6839,0.04196700518699935,0.0008882935619292622
6-311++G(dp),-796.144735,-796.128377,-796.127433,-796.192566,-796.3887114,0.0023588646331108,4.221873053389536e-05,140.3616,0.33109401408684486,0.005925888567706408
6-311G(2df2pd),-796.174854,-796.159448,-796.158504,-796.220053,-796.4191751,5.1586284033199545e-05,1.2718231732088096e-05,134.7972,0.006953686646080006,0.0017143820264366254
6-311++G(2df2pd),-796.193617,-796.17724,-796.176296,-796.242538,-796.4378177,0.0086752187232261,4.285663028996006e-05,138.9762,1.2056489323228152,0.005956051622503547
