Basis,EZPE,U,H,G,E,boltz_G,boltz_E,CCS,CCS_G,CCS_E
6-31G(d),-795.892853,-795.876902,-795.875957,-795.9394,-796.1392651,0.0009230817377079,8.805907923726195e-05,136.2021,0.12572567114746516,0.011993831516181476
6-31G(dp),-795.925202,-795.909238,-795.908294,-795.971725,-796.1712327,0.0007320109335274,8.129810993406242e-05,135.6243,0.09927847045200015,0.011025999251130262
6-31+G(dp),-795.963508,-795.947399,-795.946454,-796.009956,-796.2087073,0.0019941629885972,0.0002615036465325,137.1884,0.2735760297448681,0.03587526686195922
6-311G(dp),-796.125355,-796.109347,-796.108403,-796.171756,-796.3703101,0.0007864168705519,9.85000458253672e-05,134.9135,0.10609825246520375,0.013288985932460678
6-311++G(dp),-796.146257,-796.130117,-796.129173,-796.19286,-796.3907509,0.0032206787734399,0.0003661892901257,140.9274,0.4538818857760742,0.051606104565260574
6-311G(2df2pd),-796.176802,-796.160775,-796.159831,-796.223266,-796.4218322,0.0015508230376023,0.0002121936718915,133.5977,0.2071863909306808,0.028348586519259047
6-311++G(2df2pd),-796.19536,-796.179264,-796.17832,-796.241823,-796.4401592,0.0040678951630996,0.0005118503447701,135.8656,0.552687017071625,0.06954285420239649
