Basis,EZPE,U,H,G,E,boltz_G,boltz_E,CCS,CCS_G,CCS_E
6-31G(d),-795.892358,-795.87634,-795.875396,-795.939028,-796.1386621,0.0006224645195516,4.649273896428536e-05,137.3636,0.08550396727787815,0.006386409997994508
6-31G(dp),-795.924754,-795.908702,-795.907758,-795.971513,-796.1705949,0.0005847825446568,4.136975233002251e-05,136.4162,0.07977381256841096,0.005643504407802816
6-31+G(dp),-795.963806,-795.947693,-795.946749,-796.010516,-796.2090455,0.0036088515473662,0.0003741577985188,137.8099,0.4973354708573813,0.051562648798095974
6-311G(dp),-796.12521,-796.109133,-796.108189,-796.172045,-796.3700421,0.0010680636604595,7.415704724841985e-05,135.6714,0.14490569210366502,0.01006099042005927
6-311++G(dp),-796.14669,-796.130571,-796.129627,-796.19349,-796.3912621,0.0062770678421737,0.0006293109306851,138.9292,0.8720680136589184,0.08742966415133639
6-311G(2df2pd),-796.176627,-796.160507,-796.159562,-796.224255,-796.4214575,0.0044209644074997,0.0001426805682873,135.3151,0.5982232408972626,0.01930683536585283
6-311++G(2df2pd),-796.195664,-796.179558,-796.178614,-796.242554,-796.4404983,0.0088234955752422,0.0007330507896185,136.5691,1.2050168495648095,0.10011208659248788
