Basis,EZPE,U,H,G,E,boltz_G,boltz_E,CCS
6-31G(d), -795.895278, -795.880381, -795.879437, -795.938892, -796.1417713,0.0005389550802922899,0.001252170823164678,1.361974e+02
6-31G(dp), -795.927688, -795.912766, -795.911822, -795.971344, -796.1737176,0.0004889358434071263,0.0011302423359600437,1.352176e+02
6-31+G(dp), -795.966239, -795.950318, -795.949374, -796.012866, -796.211679,0.04349147370531242,0.0060884135427410994,1.358834e+02
6-311G(dp), -796.128015, -796.112121, -796.111177, -796.175543, -796.373017,0.04342395694685344,0.001732410753331353,1.343077e+02
6-311++G(dp), -796.149073, -796.133151, -796.132207, -796.195463, -796.3938408,0.050741849993154814,0.009662862469691023,1.365152e+02
6-311G(2df2pd), -796.179178, -796.163292, -796.162348, -796.226295, -796.4243475,0.03836608582581474,0.0030465478519042894,1.333400e+02
6-311++G(2df2pd), -796.197974, -796.182071, -796.181127, -796.244344, -796.4429959,0.05875805520829985,0.010329216432064296,1.363842e+02
