Basis,EZPE,U,H,G,E,boltz_G,boltz_E,CCS,CCS_G,CCS_E
6-31G(d),-795.838783,-795.822877,-795.821933,-795.884557,-796.0849633,0.0012932976174561,0.0002336680425831,139.741,0.18072670236093288,0.03265300593860498
6-31G(dp),-795.87119,-795.85526,-795.854316,-795.91699,-796.1169552,0.001244218246823,0.000232041697087,139.032,0.17298615129229536,0.032261221229399784
6-31+G(dp),-795.909485,-795.893393,-795.892449,-795.955584,-796.1543966,0.0036009227210944,0.0005794476659405,140.3259,0.5053027216680206,0.081311515226
6-311G(dp),-796.07138,-796.055387,-796.054443,-796.117349,-796.3160455,0.0017314072674404,0.0002851373611354,138.1568,0.23920568756630986,0.03939366537491123
6-311++G(dp),-796.092214,-796.076097,-796.075153,-796.13837,-796.3364198,0.0051394302004268,0.0007978021627965,144.7638,0.7440034456485451,0.11549287273463997
6-311G(2df2pd),-796.122554,-796.10654,-796.105596,-796.168718,-796.3673211,0.0033273212073953,0.0005212508553751,137.2394,0.4566395661102065,0.07153615464116549
6-311++G(2df2pd),-796.141192,-796.125106,-796.124162,-796.187359,-796.3857025,0.0074979533370615,0.0011458098397036,139.3089,1.0445316316373667,0.15962150837828484
