Basis,EZPE,U,H,G,E,boltz_G,boltz_E,CCS,CCS_G,CCS_E
6-31G(d),-795.829872,-795.813716,-795.812772,-795.876585,-796.0754311,2.78265512419285e-07,9.630413160226177e-09,137.891,3.8370309773007627e-05,1.3279473010767477e-06
6-31G(dp),-795.862241,-795.846054,-795.84511,-795.908951,-796.1073998,2.493655595615076e-07,9.331238407799985e-09,137.0767,3.4182207998344906e-05,1.279095367854476e-06
6-31+G(dp),-795.901456,-795.885188,-795.884243,-795.948049,-796.1459628,1.2308389643341929e-06,7.64434405994028e-08,144.2556,0.0001775554133034076,1.102739438973121e-05
6-311G(dp),-796.062926,-796.046699,-796.045755,-796.109656,-796.3070306,5.006155215290784e-07,2.0326633324150383e-08,136.151,6.815930387170556e-05,2.767491453716399e-06
6-311++G(dp),-796.08439,-796.068098,-796.067154,-796.131057,-796.3281887,2.222417886550421e-06,1.3045665698488585e-07,142.188,0.0003160011544528312,1.8549371143366946e-05
6-311G(2df2pd),-796.113961,-796.097746,-796.096801,-796.16057,-796.3582387,5.941457646014805e-07,3.459450327309224e-08,134.9084,8.015525446916237e-05,4.6670890853676376e-06
6-311++G(2df2pd),-796.132879,-796.116606,-796.115662,-796.179561,-796.376957,1.9397521387986643e-06,1.0865554609286093e-07,139.6619,0.00027090946923368517,1.5175040012866534e-05
