Basis,EZPE,U,H,G,E,boltz_G,boltz_E,CCS,CCS_G,CCS_E
6-31G(d),-795.839714,-795.823715,-795.822771,-795.88586,-796.0857488,0.0051415959282167,0.0005369589123124,137.7018,0.7080070141881104,0.07394020875145964
6-31G(dp),-795.872083,-795.856053,-795.855108,-795.918274,-796.1176561,0.0048479233845294,0.0004875178300661,136.6596,0.662515270560434,0.0666239916497012
6-31+G(dp),-795.91121,-795.895115,-795.894171,-795.957363,-796.1561776,0.0237017480624094,0.0038220892497206,138.2188,3.276027175088552,0.5282845895892816
6-311G(dp),-796.072514,-796.056456,-796.055512,-796.118738,-796.3170728,0.0075398027833879,0.0008465009947627,135.9518,1.025049760046595,0.11508333393977963
6-311++G(dp),-796.094027,-796.077929,-796.076984,-796.14017,-796.3383297,0.0345893071082677,0.0060322279029432,139.2491,4.81652988444988,0.8399823064797279
6-311G(2df2pd),-796.1236,-796.107527,-796.106583,-796.17003,-796.3683085,0.0133547058889886,0.0014834247866845,135.4917,1.8094518038990768,0.20099174617002027
6-311++G(2df2pd),-796.142903,-796.126815,-796.125871,-796.189124,-796.3874631,0.0486260621186446,0.007396305632866,137.4049,6.681459202806149,1.0162886358533894
