Basis,EZPE,U,H,G,E,boltz_G,boltz_E,CCS,CCS_G,CCS_E
6-31G(d),-795.830236,-795.814066,-795.813122,-795.876961,-796.0757148,4.144050139192723e-07,1.3006221852316262e-08,138.8085,5.752293837461331e-05,1.8053741459872421e-06
6-31G(dp),-795.862837,-795.846647,-795.845702,-795.909495,-796.1077889,4.436950654011154e-07,1.409065229448342e-08,137.8925,6.118222180582331e-05,1.9429952715170553e-06
6-31+G(dp),-795.901892,-795.885593,-795.884649,-795.948861,-796.1463106,2.9089306427066933e-06,1.10492658113016e-07,143.3259,0.00041692510240351526,1.583645966744032e-05
6-311G(dp),-796.062905,-796.046648,-796.045704,-796.109816,-796.3069035,5.930710171690007e-07,1.7766323026780716e-08,137.0791,8.129764126961117e-05,2.4353915708203765e-06
6-311++G(dp),-796.08493,-796.068619,-796.067675,-796.131949,-796.3286477,5.716879643605484e-06,2.1213537805509966e-07,143.4106,0.0008198611398172486,3.042246184810867e-05
6-311G(2df2pd),-796.115095,-796.098828,-796.097884,-796.162135,-796.3591598,3.117571230435584e-06,9.17755211708296e-08,135.9803,0.0004239282711859999,1.247966290146576e-05
6-311++G(2df2pd),-796.134512,-796.118249,-796.117305,-796.181432,-796.3784628,1.4074539367119408e-05,5.354789386449383e-07,138.8709,0.0019545439489973026,7.436244214066737e-05
