Basis,EZPE,U,H,G,E,boltz_G,boltz_E,CCS,CCS_G,CCS_E
6-31G(d),-795.83571,-795.819865,-795.81892,-795.881073,-796.0818255,3.228541923714917e-05,8.417137952304634e-06,137.0224,0.004423825628880348,0.0011533364433558664
6-31G(dp),-795.868063,-795.85219,-795.851246,-795.913417,-796.1137437,2.8265924151187333e-05,7.73086441674875e-06,136.368,0.003854567544649114,0.0010542425187831936
6-31+G(dp),-795.906328,-795.89031,-795.889365,-795.952101,-796.1512066,8.998741341778489e-05,1.974997556141036e-05,138.1204,0.012429097536229814,0.0027278745245322236
6-311G(dp),-796.068138,-796.052206,-796.051262,-796.113643,-796.312751,3.4165192525121885e-05,8.70031365633459e-06,135.4174,0.0046265615422514395,0.0011781738545253236
6-311++G(dp),-796.089393,-796.073371,-796.072427,-796.135107,-796.3336139,0.0001621385281929,4.0845036843783686e-05,138.3899,0.022438334702762613,0.00565254056430754
6-311G(2df2pd),-796.119706,-796.103727,-796.102783,-796.16558,-796.3644023,0.0001198306319526,2.3678553973100464e-05,134.651,0.016135314423049545,0.003188340971031951
6-311++G(2df2pd),-796.138765,-796.122752,-796.121808,-796.184634,-796.3832736,0.0004182173296047,8.745452036434907e-05,137.6009,0.05754708094920336,0.012033820711202759
