Basis,EZPE,U,H,G,E,boltz_G,boltz_E,CCS,CCS_G,CCS_E
6-31G(d),-795.841775,-795.825944,-795.825,-795.887908,-796.0879532,0.0449995880428635,0.0055462314153431,136.7621,6.154238159876902,0.7585142554482945
6-31G(dp),-795.874155,-795.858301,-795.857356,-795.920316,-796.1198744,0.0421605485667383,0.0051102440692661,135.7248,5.722232022110842,0.6935868542523275
6-31+G(dp),-795.912797,-795.896868,-795.895924,-795.958665,-796.1578934,0.0941282160792273,0.0235285116835353,136.6175,12.859561560203836,3.214406444925384
6-311G(dp),-796.074454,-796.058569,-796.057625,-796.120435,-796.3191413,0.0454993652196381,0.0075712637265002,135.0018,6.142496203508539,1.0221342313522348
6-311++G(dp),-796.095576,-796.079642,-796.078698,-796.141375,-796.3400008,0.1239538052711442,0.0354167499845747,137.2218,17.009164276155897,4.8599501830333125
6-311G(2df2pd),-796.125546,-796.109661,-796.108717,-796.171536,-796.3703926,0.0658289345465527,0.013489090412625,134.0257,8.822769032855907,1.8078847849153545
6-311++G(2df2pd),-796.144396,-796.128481,-796.127537,-796.190214,-796.3890812,0.1542713869464005,0.0410549021787857,135.8219,20.953432890695314,5.576154818236813
