basis_set,G,E
0,1.3305859749857016e-08,6.0515823857939375e-09
1,1.124401060887192e-08,4.99677373914386e-09
2,4.0686312839996934e-08,9.6350454513932e-09
3,1.3819056667848884e-08,5.609505683855157e-09
4,4.7771689055426715e-08,1.366330725293425e-08
5,2.0300356604941773e-08,7.19444461711494e-09
6,5.596698055024389e-08,1.2387540596611214e-08