basis_set,G,E
0,2.1238652607348884e-05,4.898209910349447e-06
1,1.700374191899757e-05,4.137161234566011e-06
2,6.556506384517536e-05,1.1840228919483923e-05
3,3.267593022178925e-05,8.396256654830703e-06
4,9.770079834046492e-05,1.663290217160156e-05
5,4.709480036917957e-05,1.3085825831447598e-05
6,7.959288899397542e-05,1.3088602907665521e-05
