basis_set,G,E
0,0.00017722985580135713,2.626144392316509e-06
1,0.0001295367935536021,2.3679175522954637e-06
2,0.0013137561607419147,2.4251813026302812e-05
3,0.000309299815136504,6.5467867737385356e-06
4,0.0023588646331108775,4.2218730533895355e-05
5,5.1586284033199545e-05,1.2718231732088097e-05
6,0.008675218723226125,4.285663028996006e-05
