basis_set,G,E
0,0.0009230817377079815,8.805907923726195e-05
1,0.0007320109335274263,8.129810993406242e-05
2,0.001994162988597234,0.00026150364653256295
3,0.0007864168705519348,9.850004582536719e-05
4,0.0032206787734399183,0.0003661892901257248
5,0.00155082303760232,0.00021219367189158762
6,0.004067895163099665,0.0005118503447701945
