basis_set,G,E
0,0.33055451994299584,0.396766316623012
1,0.2964027589586325,0.3833731973755346
2,0.43452681899268625,0.5010883965608801
3,0.4732199908016825,0.6538385951840109
4,0.4180767732918122,0.4941710397263903
5,0.38781099752178766,0.4703499249209596
6,0.22485696300827032,0.22716685618047536
