basis_set,G,E
0,0.441862548736522,0.4721883308157045
1,0.4865967827818016,0.49271897315499497
2,0.24499008269642383,0.2609979803639952
3,0.17154132931449742,0.15102188433732944
4,0.24722286258365608,0.23988831705227281
5,0.33154150888863904,0.39989575163725616
6,0.5382185356461788,0.6538616684957619
